,#CHROM,POS,REF,ALT
0,chr1,1265460,T,C
1,chr1,1265505,G,A
2,chr1,11854457,G,A
3,chr1,21785981,G,T
4,chr1,21786176,A,G
5,chr1,65946121,G,A
6,chr1,66075952,G,C
7,chr1,113456546,A,T
8,chr1,161193683,G,A
9,chr1,169519049,T,C
10,chr1,169651044,G,A
11,chr1,186052962,C,G
12,chr1,230845794,A,G
13,chr2,643303,C,G
14,chr2,643315,T,C
15,chr2,643320,G,"A,C"
16,chr2,643428,C,A
17,chr2,643469,T,C
18,chr2,21208211,A,G
19,chr2,27741105,A,G
20,chr2,27741237,T,C
21,chr2,102955468,C,A
22,chr3,12393125,C,"G,T"
23,chr3,49394834,G,A
24,chr3,133484029,G,A
25,chr3,170732300,G,A
26,chr3,186559460,G,A
27,chr4,23815522,C,T
28,chr4,23815662,C,T
29,chr4,56300685,C,T
30,chr4,72608364,C,T
31,chr4,72608383,T,G
32,chr4,72618296,T,C
33,chr4,72618323,G,T
34,chr4,72618334,A,C
35,chr4,100239319,T,C
36,chr4,120241849,A,G
37,chr4,120241902,T,C
38,chr4,141493961,T,C
39,chr4,141494104,A,G
40,chr5,52560644,A,G
41,chr5,148206348,C,T
42,chr5,148206375,C,"T,A"
43,chr5,148206473,G,"C,T"
44,chr6,26093236,G,A
45,chr6,31543095,G,A
46,chr6,32413259,A,G
47,chr6,32413317,G,T
48,chr6,32413459,G,A
49,chr6,32602075,C,A
50,chr6,32602161,C,"T,A"
51,chr6,32602231,C,T
52,chr6,32602238,C,T
53,chr6,32602269,G,T
54,chr6,32605738,G,A
55,chr6,32605754,T,A
56,chr6,32605756,A,G
57,chr6,32605759,T,A
58,chr6,32605761,T,A
59,chr6,32605767,G,T
60,chr6,32605789,C,T
61,chr6,32605904,A,T
62,chr6,32605920,G,A
63,chr6,32605943,G,A
64,chr6,32605945,C,T
65,chr6,32605997,T,C
66,chr6,32606002,C,T
67,chr6,32606005,A,G
68,chr6,32606006,T,A
69,chr6,32606007,A,G
70,chr6,32658079,T,C
71,chr6,32658211,T,C
72,chr6,32659502,C,A
73,chr6,32659535,G,T
74,chr6,32659582,A,G
75,chr6,32681339,C,T
76,chr6,32681343,G,C
77,chr6,32681631,C,T
78,chr6,35377922,G,A
79,chr6,35378778,C,T
80,chr6,38650588,T,A
81,chr6,38670837,G,A
82,chr6,160113872,A,G
83,chr7,17379110,G,A
84,chr7,22766645,C,G
85,chr7,80244939,G,A
86,chr7,94063915,C,T
87,chr7,141672604,T,C
88,chr7,141673345,C,G
89,chr9,137734416,C,"T,A"
90,chr10,96521657,C,T
91,chr10,96702047,C,T
92,chr11,14914878,A,G
93,chr11,27725986,T,A
94,chr11,27726082,A,C
95,chr11,34460231,C,T
96,chr11,66328095,T,C
97,chr11,116603724,C,A
98,chr11,116648917,G,"C,T"
99,chr12,6954875,C,T
100,chr12,21331599,T,C
101,chr12,48238757,A,G
102,chr12,48238837,C,A
103,chr12,48239835,C,T
104,chr15,58723675,C,T
105,chr15,75041917,C,"A,G"
106,chr15,90208310,A,T
107,chr15,90211737,A,C
108,chr15,90211823,C,T
109,chr16,53803574,T,A
110,chr16,53809123,C,T
111,chr16,53809247,G,A
112,chr16,53813367,T,G
113,chr16,53813450,A,T
114,chr16,81258987,T,C
115,chr16,81314496,C,T
116,chr19,15990431,C,T
117,chr19,45395619,A,G
118,chr19,45395714,T,C
119,chr19,45411941,T,C
120,chr19,49206417,A,G
121,chr19,49206462,C,T
122,chr19,49206674,G,A
123,chr19,49206985,G,A
124,chr22,19951237,C,T
125,chr22,24837301,T,C
126,chr22,37469591,G,A
127,chr22,37469673,G,A
128,chrX,38009121,G,A
