,allele,allele_count,frequency,Dataset,Subpopulation
0,C,5259,0.07732,gnomADg,nfe
1,T,62761,0.9227,gnomADg,nfe
2,T,3197,0.9208,gnomADg,asj
3,C,275,0.07921,gnomADg,asj
4,T,10794,0.7061,gnomADg,amr
5,C,4492,0.2,gnomADg,amr
6,C,926,0.192,gnomADg,sas
7,T,3898,0.808,gnomADg,sas
8,C,32289,0.212,gnomADg,ALL
9,T,119827,0.7877,gnomADg,ALL
10,C,413,0.1955,gnomADg,remaining
11,T,1699,0.8045,gnomADg,remaining
12,C,16649,0.4018,gnomADg,afr
13,T,24789,0.5982,gnomADg,afr
14,C,1918,0.1811,gnomADg,fin
15,T,8674,0.818,gnomADg,fin
16,T,867,0.9507,gnomADg,ami
17,C,45,0.04934,gnomADg,ami
18,C,26,0.08844,gnomADg,mid
19,T,268,0.9116,gnomADg,mid
20,T,2880,0.5575,gnomADg,eas
21,C,2286,0.4425,gnomADg,eas
22,T,686,0.8128,ALFA,SAMN10492699
23,C,158,0.1872,ALFA,SAMN10492699
24,T,159046,0.92,ALFA,SAMN10492695
25,C,13102,0.07611,ALFA,SAMN10492695
26,C,2898,0.4097,ALFA,SAMN10492703
27,T,4176,0.59,ALFA,SAMN10492703
28,C,900,0.178,ALFA,SAMN10492702
29,T,4148,0.8217,ALFA,SAMN10492702
30,T,329,0.5576,ALFA,SAMN10492697
31,C,261,0.4424,ALFA,SAMN10492697
32,T,5699,0.8317,ALFA,SAMN11605645
33,C,1153,0.168,ALFA,SAMN11605645
34,T,117,0.4875,ALFA,SAMN10492696
35,C,123,0.5125,ALFA,SAMN10492696
36,T,4099,0.5937,ALFA,SAMN10492700
37,C,2805,0.406,ALFA,SAMN10492700
38,T,4059,0.5,ALFA,SAMN10492698
39,C,2775,0.4061,ALFA,SAMN10492698
40,C,312,0.42,ALFA,SAMN10492704
41,T,424,0.5761,ALFA,SAMN10492704
42,T,178278,0.8931,ALFA,SAMN10492705
43,C,21328,0.106,ALFA,SAMN10492705
44,C,51,0.34,ALFA,SAMN10492701
45,T,95,0.6507,ALFA,SAMN10492701
46,C,6221,0.4098,GEM-J,-
47,T,8961,0.5902,GEM-J,-
48,C,0,0.213605377,TOPMed,-
49,T,0,0.772282747,TOPMed,-
50,G,0,0.014111876,TOPMed,-
51,C,95,0.494791666666667,1000GENOMES,phase_3:ACB
52,T,97,0.505208,1000GENOMES,phase_3:ACB
53,C,625,0.472768532526475,1000GENOMES,phase_3:AFR
54,T,697,0.527231467473525,1000GENOMES,phase_3:AFR
55,T,3424,0.68370607028754,1000GENOMES,phase_3:ALL
56,C,1584,0.31629392971246,1000GENOMES,phase_3:ALL
57,T,453,0.65273775216138,1000GENOMES,phase_3:AMR
58,C,241,0.347262247838617,1000GENOMES,phase_3:AMR
59,C,45,0.368852459016,1000GENOMES,phase_3:ASW
60,T,77,0.631147540983607,1000GENOMES,phase_3:ASW
61,C,38,0.22093023255814,1000GENOMES,phase_3:BEB
62,T,134,0.779069767441861,1000GENOMES,phase_3:BEB
63,T,106,0.56989247311828,1000GENOMES,phase_3:CDX
64,C,80,0.43010752688172,1000GENOMES,phase_3:CDX
65,C,10,0.0505050505050505,1000GENOMES,phase_3:CEU
66,T,188,0.94949494949495,1000GENOMES,phase_3:CEU
67,T,119,0.577669902912621,1000GENOMES,phase_3:CHB
68,C,87,0.42233009708737,1000GENOMES,phase_3:CHB
69,T,113,0.538095238095238,1000GENOMES,phase_3:CHS
70,C,97,0.461904761904762,1000GENOMES,phase_3:CHS
71,C,55,0.292553191489362,1000GENOMES,phase_3:CLM
72,T,133,0.707446808510638,1000GENOMES,phase_3:CLM
73,C,416,0.41269841269841,1000GENOMES,phase_3:EAS
74,T,592,0.587301587301587,1000GENOMES,phase_3:EAS
75,T,115,0.580808080808081,1000GENOMES,phase_3:ESN
76,C,83,0.41919191919191,1000GENOMES,phase_3:ESN
77,T,915,0.909542743538767,1000GENOMES,phase_3:EUR
78,C,91,0.0904572564612326,1000GENOMES,phase_3:EUR
79,T,164,0.828282828282828,1000GENOMES,phase_3:FIN
80,C,34,0.171717171717172,1000GENOMES,phase_3:FIN
81,T,165,0.906593406593407,1000GENOMES,phase_3:GBR
82,C,17,0.0934065934065934,1000GENOMES,phase_3:GBR
83,C,50,0.242718446601942,1000GENOMES,phase_3:GIH
84,T,156,0.757281553398058,1000GENOMES,phase_3:GIH
85,T,104,0.460176991150442,1000GENOMES,phase_3:GWD
86,C,122,0.539823008849557,1000GENOMES,phase_3:GWD
87,T,202,0.94392523364486,1000GENOMES,phase_3:IBS
88,C,12,0.0560747663551402,1000GENOMES,phase_3:IBS
89,C,50,0.245098039215686,1000GENOMES,phase_3:ITU
90,T,154,0.754901960784314,1000GENOMES,phase_3:ITU
91,T,132,0.634615384615385,1000GENOMES,phase_3:JPT
92,C,76,0.365384615384615,1000GENOMES,phase_3:JPT
93,C,76,0.383838383838384,1000GENOMES,phase_3:KHV
94,T,122,0.616161616161616,1000GENOMES,phase_3:KHV
95,T,97,0.489898989898,1000GENOMES,phase_3:LWK
96,C,101,0.51010101010101,1000GENOMES,phase_3:LWK
97,C,75,0.441176470588235,1000GENOMES,phase_3:MSL
98,T,95,0.558823529411765,1000GENOMES,phase_3:MSL
99,C,56,0.4375,1000GENOMES,phase_3:MXL
100,T,72,0.5625,1000GENOMES,phase_3:MXL
101,T,73,0.429411764705882,1000GENOMES,phase_3:PEL
102,C,97,0.570588235294118,1000GENOMES,phase_3:PEL
103,C,31,0.161458,1000GENOMES,phase_3:PJL
104,T,161,0.838541666666667,1000GENOMES,phase_3:PJL
105,C,33,0.158653846153846,1000GENOMES,phase_3:PUR
106,T,175,0.841346153846154,1000GENOMES,phase_3:PUR
107,C,211,0.215746421267894,1000GENOMES,phase_3:SAS
108,T,767,0.784253578732106,1000GENOMES,phase_3:SAS
109,T,162,0.79411764705882,1000GENOMES,phase_3:STU
110,C,42,0.205882352941176,1000GENOMES,phase_3:STU
111,C,18,0.08411214953271,1000GENOMES,phase_3:TSI
112,T,196,0.9158878504672,1000GENOMES,phase_3:TSI
113,T,112,0.518518518518518,1000GENOMES,phase_3:YRI
114,C,104,0.481481481481481,1000GENOMES,phase_3:YRI
115,C,101,0.548913043478261,GGVP,GWF
116,T,83,0.4510869565217,GGVP,GWF
117,T,204,0.4700460829493,GGVP,GWD
118,C,230,0.529953917050691,GGVP,GWD
119,T,88,0.448979591836735,GGVP,GWW
120,C,108,0.551020408163265,GGVP,GWW
121,C,89,0.454081632653061,GGVP,GWJ
122,T,107,0.545918367346,GGVP,GWJ
123,C,528,0.52277227722772,GGVP,ALL
124,T,482,0.477227722772277,GGVP,ALL
