Haplotypes,rsid,nucleotide,Gene
CYP2C19*1,rs3758581,G,CYP2C19
CYP2C19*2,rs12769205 e rs58973490 e rs4244285 e rs3758581,G|R|A|G,CYP2C19
CYP2C19*3,rs4986893 e rs3758581,A|G,CYP2C19
CYP2C19*4,rs12248560 e rs28399504 e rs3758581,Y|G|G,CYP2C19
CYP2C19*5,rs3758581 e rs56337013,G|T,CYP2C19
CYP2C19*6,rs72552267 e rs3758581,A|G,CYP2C19
CYP2C19*7,rs72558186 e rs3758581,A|G,CYP2C19
CYP2C19*8,rs41291556 e rs3758581,C|G,CYP2C19
CYP2C19*9,rs17884712 e rs3758581,A|G,CYP2C19
CYP2C19*10,rs6413438 e rs3758581,T|G,CYP2C19
CYP2C19*11,rs58973490 e rs3758581,A|G,CYP2C19
CYP2C19*12,rs3758581 e rs55640102,G|C,CYP2C19
CYP2C19*13,rs3758581 e rs17879685,G|T,CYP2C19
CYP2C19*14,rs55752064 e rs3758581,C|G,CYP2C19
CYP2C19*15,rs17882687 e rs3758581,C|G,CYP2C19
CYP2C19*16,rs192154563,T,CYP2C19
CYP2C19*17,rs12248560 e rs3758581,T|G,CYP2C19
CYP2C19*18,rs138142612 e rs3758581,A|G,CYP2C19
CYP2C19*19,rs1564657013 e rs3758581,G|G,CYP2C19
CYP2C19*22,rs140278421 e rs3758581,C|G,CYP2C19
CYP2C19*23,rs118203756 e rs3758581,C|G,CYP2C19
CYP2C19*24,rs3758581 e rs118203757,G|A,CYP2C19
CYP2C19*25,rs3758581 e rs118203759,G|G,CYP2C19
CYP2C19*26,rs375781227 e rs3758581,A|G,CYP2C19
CYP2C19*28,rs17882687 e rs3758581 e rs113934938,C|G|A,CYP2C19
CYP2C19*29,rs1564656981 e rs3758581,T|G,CYP2C19
CYP2C19*30,rs145328984,T,CYP2C19
CYP2C19*31,rs1564660997 e rs3758581,T|G,CYP2C19
CYP2C19*32,rs1288601658 e rs3758581,G|G,CYP2C19
CYP2C19*33,rs370803989 e rs3758581,A|G,CYP2C19
CYP2C19*34,rs367543002 e rs367543003,T|C,CYP2C19
CYP2C19*35,rs17882687 e rs12769205 e rs3758581,M|G|G,CYP2C19
CYP2C19*38,rs12248560 e rs28399504 e rs367543002 e rs367543003 e rs55752064 e rs17882687 e rs1564656981 e rs1564657013 e rs145328984 e rs1564660997 e rs118203756 e rs1288601658 e rs12769205 e rs41291556 e rs17885179 e rs72552267 e rs17884712 e rs58973490 e rs140278421 e rs370803989 e rs4986893 e rs6413438 e rs4244285 e rs375781227 e rs72558186 e rs138142612 e rs3758581 e rs118203757 e rs113934938 e rs17879685 e rs56337013 e rs192154563 e rs118203759 e rs55640102,C|A|C|T|T|A|A|A|C|C|G|A|A|T|A|G|G|G|G|G|G|C|G|G|T|G|A|G|G|C|C|C|C|A,CYP2C19
CYP2C19*39,rs17882687 e rs17885179 e rs3758581,C|C|G,CYP2C19
CYP2D6*1,rs1440526469 e rs568495591 e rs1135840 e rs28371736 e rs747998333 e rs75467367 e rs74478221 e rs766507177 e rs28371735 e rs141756339 e rs765776661 e rs1135836 e rs1135835 e rs1135833 e rs1135832 e rs760940331 e rs369177208 e rs751092905 e rs532668079 e rs730882251 e rs267608319 e rs569439709 e rs3021084 e rs763964554 e rs28371733 e rs747089665 e rs769157652 e rs1931013246 e rs1602566413 e rs757396767 e rs77312092 e rs75386357 e rs61745683 e rs1555888910 e rs1058172 e rs72549346 e rs202102799 e rs61736517 e rs76088846 e rs72549347 e rs267608295 e rs141824015 e rs59421388 e rs748712690 e rs78209835 e rs72549348 e rs141009491 e rs28371725 e rs72549349 e rs730882170 e rs79292917 e rs5030867 e rs1406719554 e rs949717872 e rs16947 e rs267608279 e rs1135829 e rs5030656 e rs1135828 e rs77913725 e rs72549351 e rs368858603 e rs367543000 e rs148769737 e rs72549352 e rs267608297 e rs35742686 e rs72549353 e rs28371717 e rs17002853 e rs777691989 e rs373813287 e rs140900383 e rs377725912 e rs567606867 e rs199535154 e rs150163869 e rs72549354 e rs763609904 e rs745365204 e rs755518310 e rs747884067 e rs2146937045 e rs1459127426 e rs556882139 e rs72549356 e rs3892097 e rs5030865 e rs1135826 e rs1135825 e rs1135824 e rs201006451 e rs267608302 e rs28371710 e rs5030655 e rs78482768 e rs569229126 e rs375135093 e rs1058164 e rs61736512 e rs781457579 e rs1180015037 e rs376636053 e rs766391487 e rs1135823 e rs1135822 e rs374616348 e rs563185985 e rs535642512 e rs78459009 e rs28371706 e rs74802369 e rs76187628 e rs267608308 e rs76802407 e rs28371704 e rs28371703 e rs267608309 e rs267608276 e rs267608310 e rs1456026511 e rs1415188318 e rs201377835 e rs536109057 e rs774671100 e rs118203758 e rs5030862 e rs373243894 e rs1065852 e rs138100349 e rs28371696 e rs267608313 e rs769258 e rs72549358 e rs773790593 e rs1240247139,C|G|C|G|A|G|C|T|G|C|AGTGGGCAC|A|T|G|C|C|C|C|C|G|C|C|G|G|C|G|C|T|C|AG|C|C|C|A|C|AC|T|T|C|G|G|T|C|T|C|T|C|C|C|CACATCCGGATGTAGGATC|C|T|A|T|G|G|T|TCT|A|C|TCAG(2)|A|G|G|G|G|T|TTAG|C|A|GGA(2)|G|G|C|C|A|R|C|C|C|C|C|A|T|C|AAAGGGGCG|C|C|A|G|T|G|T|C|A|G|T|A|S|C|G|C|A|A|C|A|C|C|C|T|G|T|A|C|G|T|G|G|C|G|A|C|C|G|A|C|C|G|G|G|C|G|C|C|G|T,CYP2D6
CYP2D6*2,rs1135840 e rs16947 e rs1058164,G|A|S,CYP2D6
CYP2D6*3,rs35742686 e rs1135824,delT|Y,CYP2D6
CYP2D6*4,rs1135840 e rs28371736 e rs747998333 e rs75467367 e rs74478221 e rs766507177 e rs28371735 e rs1135836 e rs1135835 e rs1135833 e rs1135832 e rs1058172 e rs16947 e rs3892097 e rs1058164 e rs28371704 e rs28371703 e rs1065852,S|R|R|S|Y|K|R|R|Y|S|S|Y|R|T|S|Y|K|R,CYP2D6
CYP2D6*6,rs1135840 e rs5030655,S|delA,CYP2D6
CYP2D6*7,rs5030867,G,CYP2D6
CYP2D6*8,rs1135840 e rs16947 e rs5030865 e rs1058164,G|A|A|G,CYP2D6
CYP2D6*9,rs5030656,delTCT,CYP2D6
CYP2D6*10,rs1135840 e rs1058164 e rs1065852,G|G|A,CYP2D6
CYP2D6*11,rs1135840 e rs16947 e rs1058164 e rs201377835,G|A|G|G,CYP2D6
CYP2D6*12,rs1135840 e rs16947 e rs28371710 e rs1058164 e rs5030862,G|A|Y|S|T,CYP2D6
CYP2D6*14,rs1135840 e rs16947 e rs5030865 e rs1058164,G|A|T|G,CYP2D6
CYP2D6*15,rs774671100 e rs28371696,AA|Y,CYP2D6
CYP2D6*17,rs1135840 e rs16947 e rs1058164 e rs28371706,G|A|G|A,CYP2D6
CYP2D6*18,rs765776661,AGTGGGCACAGTGGGCAC,CYP2D6
CYP2D6*19,rs1135840 e rs16947 e rs72549353 e rs1058164,S|R|delTTAG|S,CYP2D6
CYP2D6*20,rs1135840 e rs16947 e rs199535154 e rs150163869 e rs72549354 e rs1058164,G|A|G|A|CC|G,CYP2D6
CYP2D6*21,rs1135840 e rs16947 e rs72549352 e rs1058164,G|A|GG|G,CYP2D6
CYP2D6*22,rs138100349,A,CYP2D6
CYP2D6*23,rs267608310,A,CYP2D6
CYP2D6*24,rs949717872,G,CYP2D6
CYP2D6*25,rs267608295,C,CYP2D6
CYP2D6*27,rs769157652,T,CYP2D6
CYP2D6*28,rs1135840 e rs16947 e rs78482768 e rs1058164 e rs72549358,G|A|C|G|T,CYP2D6
CYP2D6*29,rs1135840 e rs59421388 e rs16947 e rs1058164 e rs61736512,G|T|A|G|T,CYP2D6
CYP2D6*30,rs1135840 e rs16947 e rs72549356 e rs1058164,G|A|AAAGGGGCG(2)|G,CYP2D6
CYP2D6*31,rs1135840 e rs267608319 e rs16947 e rs1058164,G|T|A|G,CYP2D6
CYP2D6*32,rs1135840 e rs769157652 e rs28371725 e rs16947 e rs1058164,G|T|T|A|G,CYP2D6
CYP2D6*33,rs28371717,A,CYP2D6
CYP2D6*34,rs16947,A,CYP2D6
CYP2D6*35,rs1135840 e rs16947 e rs1058164 e rs769258,G|A|G|T,CYP2D6
CYP2D6*36,rs1135840 e rs28371736 e rs747998333 e rs75467367 e rs74478221 e rs766507177 e rs28371735 e rs1135836 e rs1135835 e rs1135833 e rs1135832 e rs1058164 e rs1135823 e rs1135822 e rs1065852,G|A|G|C|T|G|A|G|C|C|G|G|M|W|A,CYP2D6
CYP2D6*37,rs1135840 e rs745365204 e rs1058164 e rs1065852,G|T|G|A,CYP2D6
CYP2D6*38,rs72549351,TCAG(1),CYP2D6
CYP2D6*39,rs1135840 e rs1058164,G|S,CYP2D6
CYP2D6*40,rs1135840 e rs16947 e rs72549356 e rs1058164 e rs28371706,G|A|AAAGGGGCG(3)|G|A,CYP2D6
CYP2D6*41,rs1135840 e rs28371725 e rs16947 e rs1058164,G|T|A|G,CYP2D6
CYP2D6*42,rs1135840 e rs72549346 e rs16947 e rs1058164,G|ACAC|A|G,CYP2D6
CYP2D6*43,rs28371696,T,CYP2D6
CYP2D6*44,rs72549349 e rs138100349,G|A,CYP2D6
CYP2D6*45,rs1135840 e rs16947 e rs28371710 e rs1058164,G|A|T|G,CYP2D6
CYP2D6*46,rs1135840 e rs16947 e rs28371710 e rs1058164 e rs28371696,G|A|T|G|T,CYP2D6
CYP2D6*47,rs1135840 e rs1058164 e rs1065852 e rs267608313,G|G|A|A,CYP2D6
CYP2D6*48,rs267608309,A,CYP2D6
CYP2D6*49,rs1135840 e rs1058164 e rs1135822 e rs1065852,G|G|T|A,CYP2D6
CYP2D6*50,rs267608302,G,CYP2D6
CYP2D6*51,rs1135840 e rs72549348 e rs16947 e rs1058164,G|G|A|G,CYP2D6
CYP2D6*52,rs1135840 e rs28371733 e rs1058164 e rs1065852,G|T|G|A,CYP2D6
CYP2D6*53,rs1135823 e rs1135822,A|T,CYP2D6
CYP2D6*54,rs1135840 e rs267608297 e rs1058164 e rs1065852,G|A|G|A,CYP2D6
CYP2D6*55,rs1135840 e rs1931013246 e rs16947 e rs1058164,G|G|A|G,CYP2D6
CYP2D6*56,rs1135840 e rs72549347 e rs16947 e rs1058164 e rs1065852,G|A|R|G|R,CYP2D6
CYP2D6*58,rs1135840 e rs16947 e rs72549356 e rs1058164 e rs28371706,G|A|AAAGGGGCG(2)|G|A,CYP2D6
CYP2D6*59,rs1135840 e rs79292917 e rs16947 e rs1058164,G|T|A|G,CYP2D6
CYP2D6*62,rs730882251,A,CYP2D6
CYP2D6*64,rs1135840 e rs1058164 e rs28371706 e rs1065852,G|G|A|A,CYP2D6
CYP2D6*65,rs1135840 e rs16947 e rs1058164 e rs1065852,G|A|G|A,CYP2D6
CYP2D6*69,rs1135840 e rs28371725 e rs16947 e rs1058164 e rs1065852,G|T|A|G|A,CYP2D6
CYP2D6*70,rs1135840 e rs59421388 e rs1058164 e rs61736512 e rs374616348,G|T|G|T|T,CYP2D6
CYP2D6*71,rs118203758,T,CYP2D6
CYP2D6*72,rs1135840 e rs75386357 e rs1058164 e rs1065852,G|T|G|A,CYP2D6
CYP2D6*73,rs1135840 e rs16947 e rs1058164 e rs267608308,G|A|G|T,CYP2D6
CYP2D6*74,rs28371703,T,CYP2D6
CYP2D6*75,rs532668079,T,CYP2D6
CYP2D6*81,rs1135828 e rs77913725 e rs367543000,T|T|A,CYP2D6
CYP2D6*82,rs78459009 e rs28371706 e rs74802369 e rs76187628 e rs28371704 e rs28371703,C|T|A|G|C|T,CYP2D6
CYP2D6*83,rs1135840 e rs28371736 e rs747998333 e rs75467367 e rs74478221 e rs766507177 e rs28371735 e rs1135836 e rs1135835 e rs1135833 e rs1135832,G|A|G|C|T|G|A|G|C|C|G,CYP2D6
CYP2D6*84,rs1135840 e rs16947 e rs148769737 e rs1058164,G|A|T|G,CYP2D6
CYP2D6*85,rs1135840 e rs16947 e rs1058164,G|A|G,CYP2D6
CYP2D6*86,rs1135828 e rs77913725,T|T,CYP2D6
CYP2D6*87,rs1135840 e rs1058164 e rs1065852 e rs773790593,G|G|A|A,CYP2D6
CYP2D6*88,rs1135840 e rs1058164 e rs76187628,G|G|G,CYP2D6
CYP2D6*89,rs375135093,G,CYP2D6
CYP2D6*90,rs569229126,C,CYP2D6
CYP2D6*91,rs28371725 e rs16947,T|A,CYP2D6
CYP2D6*94,rs1135840 e rs748712690 e rs1058164 e rs1065852,G|C|G|A,CYP2D6
CYP2D6*95,rs1135840 e rs77312092 e rs1058164 e rs1065852,G|T|G|A,CYP2D6
CYP2D6*96,rs763964554,A,CYP2D6
CYP2D6*98,rs1135840 e rs16947 e rs1058164,G|A|G,CYP2D6
CYP2D6*99,rs1135840 e rs1058164 e rs267608276 e rs1065852,G|G|G|A,CYP2D6
CYP2D6*100,rs1135840 e rs267608279 e rs1058164 e rs1065852,G|delG|G|A,CYP2D6
CYP2D6*101,rs1135840 e rs730882170 e rs1058164 e rs1065852,G|delCACATCCGGATGTAGGATC|G|A,CYP2D6
CYP2D6*102,rs1135840 e rs16947 e rs1058164 e rs267608309,G|A|G|A,CYP2D6
CYP2D6*103,rs1135840 e rs16947 e rs1135824 e rs1058164 e rs267608309,G|A|C|G|A,CYP2D6
CYP2D6*104,rs1135840 e rs16947 e rs267608302 e rs1058164,G|A|A|G,CYP2D6
CYP2D6*105,rs1135840 e rs1555888910 e rs16947 e rs1058164,G|G|A|G,CYP2D6
CYP2D6*106,rs28371733,T,CYP2D6
CYP2D6*107,rs61736512,T,CYP2D6
CYP2D6*108,rs202102799 e rs61736517,C|C,CYP2D6
CYP2D6*109,rs59421388 e rs5030656,T|delTCT,CYP2D6
CYP2D6*110,rs751092905,T,CYP2D6
CYP2D6*111,rs1135840 e rs16947 e rs1058164 e rs535642512,G|A|G|T,CYP2D6
CYP2D6*112,rs568495591,A,CYP2D6
CYP2D6*113,rs569439709,T,CYP2D6
CYP2D6*114,rs1135840 e rs16947 e rs5030865 e rs1065852,G|A|T|A,CYP2D6
CYP2D6*115,rs1135829 e rs5030656,C|delTCT,CYP2D6
CYP2D6*116,rs141009491,G,CYP2D6
CYP2D6*117,rs1135840 e rs78209835 e rs16947 e rs1058164,G|T|A|G,CYP2D6
CYP2D6*119,rs28371725,T,CYP2D6
CYP2D6*121,rs1135840 e rs16947 e rs1135826 e rs1135825 e rs1135824 e rs1058164,G|A|C|T|C|G,CYP2D6
CYP2D6*122,rs61745683,T,CYP2D6
CYP2D6*123,rs1135840 e rs28371725 e rs1406719554 e rs16947 e rs1058164,G|T|G|A|G,CYP2D6
CYP2D6*124,rs757396767 e rs150163869,delAG|R,CYP2D6
CYP2D6*125,rs1135840 e rs369177208 e rs16947 e rs1058164,G|T|A|G,CYP2D6
CYP2D6*126,rs1135840 e rs16947 e rs1058164 e rs781457579,G|A|G|A,CYP2D6
CYP2D6*127,rs1058172 e rs202102799,T|C,CYP2D6
CYP2D6*128,rs1135840 e rs16947 e rs1058164 e rs1456026511,G|A|G|C,CYP2D6
CYP2D6*129,rs1135840 e rs16947 e rs1058164 e rs1180015037,G|A|G|T,CYP2D6
CYP2D6*130,rs747884067 e rs2146937045,A|G,CYP2D6
CYP2D6*131,rs17002853,G,CYP2D6
CYP2D6*132,rs1135840 e rs1135829 e rs1058164 e rs1065852,G|C|G|A,CYP2D6
CYP2D6*133,rs1135840 e rs16947 e rs1058164,G|A|G,CYP2D6
CYP2D6*134,rs76088846,T,CYP2D6
CYP2D6*135,rs1135840 e rs747089665 e rs16947 e rs1058164,G|A|A|G,CYP2D6
CYP2D6*136,rs1135840 e rs3021084 e rs16947 e rs1058164,G|A|A|G,CYP2D6
CYP2D6*137,rs1440526469,T,CYP2D6
CYP2D6*138,rs1135840 e rs141756339 e rs28371725 e rs16947 e rs1058164,G|T|T|A|G,CYP2D6
CYP2D6*139,rs1058172,T,CYP2D6
CYP2D6*140,rs373813287,A,CYP2D6
CYP2D6*141,rs1135840 e rs28371736 e rs747998333 e rs75467367 e rs74478221 e rs766507177 e rs28371735 e rs1135836 e rs1135835 e rs1135833 e rs1135832 e rs769157652 e rs16947 e rs1058164 e rs28371706,G|A|G|C|T|G|A|G|C|C|G|T|A|G|A,CYP2D6
CYP2D6*142,rs1135840 e rs1058164 e rs1065852 e rs138100349,G|G|A|A,CYP2D6
CYP2D6*143,rs766391487 e rs769258,C|T,CYP2D6
CYP2D6*144,rs377725912,T,CYP2D6
CYP2D6*145,rs72549356,AAAGGGGCG(2),CYP2D6
CYP2D6*146,rs1135840 e rs16947 e rs1058164 e rs28371696,G|A|S|T,CYP2D6
CYP2D6*147,rs1135840 e rs72549356 e rs1058164 e rs1065852,G|AAAGGGGCG(2)|G|A,CYP2D6
CYP2D6*148,rs1135840 e rs769157652 e rs16947 e rs1058164 e rs28371696,G|T|A|G|T,CYP2D6
CYP2D6*149,rs1135840 e rs59421388 e rs16947 e rs1058164 e rs61736512 e rs76802407,G|T|A|G|T|C,CYP2D6
CYP2D6*152,rs140900383,A,CYP2D6
CYP2D6*153,rs567606867,T,CYP2D6
CYP2D6*154,rs1135840 e rs532668079 e rs16947 e rs1058164 e rs28371706,G|T|A|G|A,CYP2D6
CYP2D6*155,rs1135840 e rs760940331 e rs59421388 e rs16947 e rs1058164 e rs61736512,G|T|T|A|G|T,CYP2D6
CYP2D6*156,rs1135840 e rs59421388 e rs16947 e rs1058164 e rs61736512 e rs536109057,G|T|A|G|T|A,CYP2D6
CYP2D6*157,rs1135840 e rs59421388 e rs16947 e rs201006451 e rs1058164 e rs61736512,G|T|A|A|G|T,CYP2D6
CYP2D6*158,rs1135840 e rs141824015 e rs28371725 e rs16947 e rs1058164,G|G|T|A|G,CYP2D6
CYP2D6*159,rs1135840 e rs16947 e rs1058164 e rs373243894,G|A|G|A,CYP2D6
CYP2D6*160,rs1135840 e rs16947 e rs1058164 e rs28371704 e rs28371703,G|A|G|C|T,CYP2D6
CYP2D6*161,rs1135840 e rs16947 e rs368858603 e rs1058164 e rs374616348,G|A|AA|G|A,CYP2D6
CYP2D6*162,rs1135840 e rs769157652 e rs16947 e rs1058164,G|T|A|G,CYP2D6
CYP2D6*163,rs1135840 e rs16947 e rs1058164 e rs376636053,G|A|G|G,CYP2D6
CYP2C9*1,rs114071557 e rs67807361 e rs142240658 e rs1364419386 e rs2031308986 e rs564813580 e rs371055887 e rs72558187 e rs762239445 e rs1304490498 e rs774607211 e rs767576260 e rs12414460 e rs375805362 e rs72558189 e rs1375956433 e rs200965026 e rs199523631 e rs200183364 e rs1799853 e rs141489852 e rs754487195 e rs1289704600 e rs17847037 e rs7900194 e rs72558190 e rs774550549 e rs1326630788 e rs2031531005 e rs370100007 e rs772782449 e rs2256871 e rs9332130 e rs9332131 e rs182132442 e rs72558192 e rs988617574 e rs1237225311 e rs57505750 e rs28371685 e rs367826293 e rs1274535931 e rs750820937 e rs1297714792 e rs749060448 e rs1057910 e rs56165452 e rs28371686 e rs1250577724 e rs578144976 e rs542577750 e rs764211126 e rs72558193 e rs1254213342 e rs1441296358 e rs776908257 e rs769942899 e rs202201137 e rs767284820 e rs781583846 e rs9332239 e rs868182778,A|C|C|G|A|A|G|T|G|AGAAATGGAA|A|C|G|C|G|T|C|C|G|C|G|G|C|C|G|C|C|T|A|G|C|A|A|A|C|A|C|C|T|C|G|C|C|C|G|A|T|C|C|C|G|A|A|A|G|C|G|A|T|G|C|G,CYP2C9
CYP2C9*2,rs1799853,T,CYP2C9
CYP2C9*3,rs1057910,C,CYP2C9
CYP2C9*4,rs56165452,C,CYP2C9
CYP2C9*5,rs28371686,G,CYP2C9
CYP2C9*6,rs9332131,delA,CYP2C9
CYP2C9*7,rs67807361,A,CYP2C9
CYP2C9*8,rs7900194,A,CYP2C9
CYP2C9*9,rs2256871,G,CYP2C9
CYP2C9*10,rs9332130,G,CYP2C9
CYP2C9*11,rs28371685,T,CYP2C9
CYP2C9*12,rs9332239,T,CYP2C9
CYP2C9*13,rs72558187,C,CYP2C9
CYP2C9*14,rs72558189,A,CYP2C9
CYP2C9*15,rs72558190,A,CYP2C9
CYP2C9*16,rs72558192,G,CYP2C9
CYP2C9*18,rs1057910 e rs72558193,C|C,CYP2C9
CYP2C9*19,rs769942899,C,CYP2C9
CYP2C9*20,rs371055887,C,CYP2C9
CYP2C9*21,rs142240658,T,CYP2C9
CYP2C9*22,rs2031308986,G,CYP2C9
CYP2C9*24,rs749060448,A,CYP2C9
CYP2C9*25,rs1304490498,delAGAAATGGAA,CYP2C9
CYP2C9*26,rs200965026,G,CYP2C9
CYP2C9*27,rs7900194,T,CYP2C9
CYP2C9*28,rs2031531005,T,CYP2C9
CYP2C9*29,rs182132442,A,CYP2C9
CYP2C9*30,rs781583846,A,CYP2C9
CYP2C9*31,rs57505750,C,CYP2C9
CYP2C9*32,rs868182778,T,CYP2C9
CYP2C9*33,rs200183364,A,CYP2C9
CYP2C9*34,rs367826293,A,CYP2C9
CYP2C9*35,rs72558189 e rs1799853,T|T,CYP2C9
CYP2C9*36,rs114071557,G,CYP2C9
CYP2C9*37,rs564813580,G,CYP2C9
CYP2C9*39,rs762239445,T,CYP2C9
CYP2C9*41,rs774607211,G,CYP2C9
CYP2C9*42,rs12414460,A,CYP2C9
CYP2C9*43,rs767576260,T,CYP2C9
CYP2C9*44,rs200965026,T,CYP2C9
CYP2C9*45,rs199523631,T,CYP2C9
CYP2C9*46,rs754487195,A,CYP2C9
CYP2C9*47,rs774550549,T,CYP2C9
CYP2C9*48,rs1326630788,C,CYP2C9
CYP2C9*52,rs988617574,G,CYP2C9
CYP2C9*53,rs1237225311,T,CYP2C9
CYP2C9*54,rs750820937,A,CYP2C9
CYP2C9*55,rs1250577724,A,CYP2C9
CYP2C9*56,rs764211126,G,CYP2C9
CYP2C9*58,rs1274535931,A,CYP2C9
CYP2C9*60,rs767284820,C,CYP2C9
CYP2C9*61,rs1799853 e rs202201137,T|G,CYP2C9
CYP2C9*62,rs375805362,T,CYP2C9
CYP2C9*63,rs141489852,A,CYP2C9
CYP2C9*66,rs578144976,G,CYP2C9
CYP2C9*67,rs776908257,T,CYP2C9
CYP2C9*68,rs1057910 e rs542577750,C|A,CYP2C9
CYP2C9*71,rs9332130 e rs9332239,G|T,CYP2C9
CYP2C9*72,rs1289704600,T,CYP2C9
CYP2C9*73,rs17847037,T,CYP2C9
CYP2C9*74,rs370100007,T,CYP2C9
CYP2C9*75,rs1254213342,C,CYP2C9
G6PDDagua,rs781865768,C,G6PD
G6PDGond,rs370918918,G,G6PD
G6PDYunan,rs782608284,T,G6PD
SLCO1B1*1,rs139257324 e rs373327528 e rs56101265 e rs56061388 e rs2306283 e rs2306282 e rs11045819 e rs72559745 e rs77271279 e rs141467543 e rs4149056 e rs79135870 e rs11045852 e rs183501729 e rs11045853 e rs72559747 e rs55901008 e rs1228465562 e rs59113707 e rs56387224 e rs142965323 e rs72559748 e rs59502379 e rs74064213 e rs71581941 e rs34671512 e rs56199088 e rs55737008 e rs200995543 e rs140790673,C|G|T|T|A|A|C|A|G|A|T|A|A|C|G|C|T|T|C|A|G|A|G|A|C|A|A|A|C|C,SLCO1B1
SLCO1B1*2,rs56101265,C,SLCO1B1
SLCO1B1*3,rs56061388 e rs72559745,C|G,SLCO1B1
SLCO1B1*4,rs11045819,A,SLCO1B1
SLCO1B1*5,rs4149056,C,SLCO1B1
SLCO1B1*6,rs55901008,C,SLCO1B1
SLCO1B1*7,rs56387224,G,SLCO1B1
SLCO1B1*8,rs72559748,G,SLCO1B1
SLCO1B1*9,rs59502379,C,SLCO1B1
SLCO1B1*10,rs56199088,G,SLCO1B1
SLCO1B1*11,rs55737008,G,SLCO1B1
SLCO1B1*12,rs56101265 e rs56199088,C|G,SLCO1B1
SLCO1B1*13,rs56061388 e rs72559745 e rs55737008,C|G|G,SLCO1B1
SLCO1B1*14,rs2306283 e rs11045819,G|A,SLCO1B1
SLCO1B1*15,rs2306283 e rs4149056,G|C,SLCO1B1
SLCO1B1*16,rs2306282,G,SLCO1B1
SLCO1B1*19,rs34671512,C,SLCO1B1
SLCO1B1*20,rs2306283 e rs34671512,G|C,SLCO1B1
SLCO1B1*23,rs373327528,A,SLCO1B1
SLCO1B1*24,rs2306283 e rs11045852,G|G,SLCO1B1
SLCO1B1*25,rs2306283 e rs11045819 e rs11045852 e rs11045853,G|A|G|A,SLCO1B1
SLCO1B1*26,rs142965323,A,SLCO1B1
SLCO1B1*27,rs2306283 e rs59113707,G|G,SLCO1B1
SLCO1B1*28,rs2306283 e rs11045852 e rs11045853,G|G|A,SLCO1B1
SLCO1B1*29,rs2306283 e rs140790673,G|T,SLCO1B1
SLCO1B1*30,rs2306283 e rs79135870,G|G,SLCO1B1
SLCO1B1*31,rs2306283 e rs59502379,G|C,SLCO1B1
SLCO1B1*32,rs2306283 e rs11045819 e rs11045852,G|A|G,SLCO1B1
SLCO1B1*33,rs139257324 e rs2306283 e rs11045852 e rs11045853,T|G|G|A,SLCO1B1
SLCO1B1*34,rs200995543,T,SLCO1B1
SLCO1B1*36,rs1228465562,G,SLCO1B1
SLCO1B1*37,rs2306283,G,SLCO1B1
SLCO1B1*39,rs2306283 e rs183501729,G|T,SLCO1B1
SLCO1B1*40,rs4149056 e rs34671512,C|C,SLCO1B1
SLCO1B1*41,rs77271279,T,SLCO1B1
SLCO1B1*42,rs2306283 e rs141467543,G|G,SLCO1B1
SLCO1B1*43,rs2306283 e rs11045819 e rs11045852 e rs74064213,G|A|G|G,SLCO1B1
SLCO1B1*44,rs2306283 e rs11045852 e rs74064213,G|G|G,SLCO1B1
SLCO1B1*45,rs71581941,T,SLCO1B1
SLCO1B1*46,rs2306283 e rs4149056 e rs71581941,G|C|T,SLCO1B1
SLCO1B1*47,rs2306283 e rs4149056 e rs72559747,G|C|G,SLCO1B1
CYP3A5*1,rs41303343 e rs28383479 e rs10264272 e rs776746 e rs55817950,A|C|C|T|G,CYP3A5
CYP3A5*3,rs776746,C,CYP3A5
CYP3A5*6,rs10264272,T,CYP3A5
CYP3A5*7,rs41303343,AA,CYP3A5
CYP3A5*8,rs55817950,A,CYP3A5
CYP3A5*9,rs28383479,T,CYP3A5
NUDT15*1,rs769369441 e rs746071566 e rs186364861 e rs777311140 e rs1202487323 e rs766023281 e rs1950545307 e rs149436418 e rs1457579126 e rs761191455 e rs1368252918 e rs768324690 e rs116855232 e rs147390019 e rs139551410,T|GAGTCG(3)|G|del|C|G|G|C|A|G|G|C|C|G|T,NUDT15
NUDT15*2,rs746071566 e rs116855232,GAGTCG(4)|T,NUDT15
NUDT15*3,rs116855232,T,NUDT15
NUDT15*4,rs147390019,A,NUDT15
NUDT15*5,rs186364861,A,NUDT15
NUDT15*6,rs746071566,GAGTCG(4),NUDT15
NUDT15*7,rs766023281,C,NUDT15
NUDT15*9,rs746071566,GAGTCG(2),NUDT15
TPMT*1,rs1142345 e rs150900439 e rs72552736 e rs139392616 e rs398122996 e rs56161402 e rs377085266 e rs1800584 e rs72556347 e rs79901429 e rs75543815 e rs6921269 e rs772832951 e rs74423290 e rs201695576 e rs9333570 e rs144041067 e rs112339338 e rs1800460 e rs72552737 e rs72552738 e rs200220210 e rs151149760 e rs115106679 e rs753545734 e rs111901354 e rs1800462 e rs1256618794 e rs281874771 e rs777686348 e rs200591577 e rs72552740 e rs750424422 e rs759836180 e rs72552742 e rs267607275 e rs9333569,T|T|A|C|A|C|A|C|A|A|T|C|A|G|T|C|C|G|C|C|C|G|T|C|C|G|C|C|G|C|G|A|C|del|T|A|T,TPMT
TPMT*2,rs1800462,G,TPMT
TPMT*3A,rs1142345 e rs1800460,C|T,TPMT
TPMT*3B,rs1800460,T,TPMT
TPMT*3C,rs1142345,C,TPMT
TPMT*4,rs1800584,T,TPMT
TPMT*5,rs72552740,G,TPMT
TPMT*6,rs75543815,A,TPMT
TPMT*7,rs72552736,C,TPMT
TPMT*8,rs56161402,T,TPMT
TPMT*9,rs151149760,G,TPMT
TPMT*10,rs72552737,G,TPMT
TPMT*11,rs72552738,T,TPMT
TPMT*12,rs200220210,A,TPMT
TPMT*13,rs72552742,A,TPMT
TPMT*14,rs9333569,C,TPMT
TPMT*15,rs9333570,T,TPMT
TPMT*16,rs144041067,T,TPMT
TPMT*18,rs777686348,T,TPMT
TPMT*20,rs150900439,C,TPMT
TPMT*21,rs200591577,C,TPMT
TPMT*22,rs144041067,G,TPMT
TPMT*23,rs74423290,C,TPMT
TPMT*24,rs6921269,A,TPMT
TPMT*25,rs377085266,G,TPMT
TPMT*26,rs72556347,G,TPMT
TPMT*29,rs267607275,G,TPMT
TPMT*30,rs750424422,T,TPMT
TPMT*31,rs79901429,G,TPMT
TPMT*32,rs115106679,T,TPMT
TPMT*33,rs112339338,A,TPMT
TPMT*34,rs111901354,A,TPMT
TPMT*37,rs398122996,T,TPMT
TPMT*38,rs772832951,G,TPMT
TPMT*39,rs281874771,A,TPMT
TPMT*40,rs139392616,T,TPMT
TPMT*41,rs1142345,G,TPMT
CYP2B6*1,rs34223104 e rs34883432 e rs8192709 e rs33973337 e rs33980385 e rs33926104 e rs34284776 e rs35303484 e rs281864907 e rs36060847 e rs148009906 e rs186335453 e rs139801276 e rs12721655 e rs535039125 e rs35773040 e rs145884402 e rs3826711 e rs36056539 e rs3745274 e rs58871670 e rs373489637 e rs36079186 e rs45482602 e rs2279343 e rs139029625 e rs34698757 e rs193922917 e rs28399499 e rs34826503 e rs754621576 e rs780991919 e rs34097093 e rs200458614 e rs201500445 e rs200238771 e rs35979566 e rs193922918 e rs35010098 e rs764288403 e rs374099483 e rs3211369 e rs117872433 e rs564083989 e rs3211371,T|A|C|A|A|C|G|A|T|G|G|G|T|A|C|G|G|C|C|G|G|T|T|C|A|G|C|C|T|C|T|A|C|G|T|T|T|G|C|G|G|A|G|G|C,CYP2B6
CYP2B6*2,rs8192709,T,CYP2B6
CYP2B6*3,rs45482602,A,CYP2B6
CYP2B6*4,rs2279343,G,CYP2B6
CYP2B6*5,rs3211371,T,CYP2B6
CYP2B6*6,rs3745274 e rs2279343,T|G,CYP2B6
CYP2B6*7,rs3745274 e rs2279343 e rs3211371,T|G|T,CYP2B6
CYP2B6*8,rs12721655,G,CYP2B6
CYP2B6*9,rs3745274,T,CYP2B6
CYP2B6*10,rs34883432 e rs8192709,T|T,CYP2B6
CYP2B6*11,rs35303484,G,CYP2B6
CYP2B6*12,rs36060847,A,CYP2B6
CYP2B6*13,rs12721655 e rs3745274 e rs2279343,G|T|G,CYP2B6
CYP2B6*14,rs35773040,A,CYP2B6
CYP2B6*15,rs35979566,A,CYP2B6
CYP2B6*17,rs33973337 e rs33980385 e rs33926104 e rs34284776,T|G|A|C,CYP2B6
CYP2B6*18,rs2279343 e rs28399499,R|C,CYP2B6
CYP2B6*19,rs3745274 e rs2279343 e rs34826503,T|G|T,CYP2B6
CYP2B6*20,rs36056539 e rs3745274 e rs2279343,T|T|G,CYP2B6
CYP2B6*21,rs35010098,A,CYP2B6
CYP2B6*22,rs34223104,C,CYP2B6
CYP2B6*23,rs3211369,G,CYP2B6
CYP2B6*24,rs564083989,A,CYP2B6
CYP2B6*26,rs3826711 e rs3745274 e rs2279343,G|T|G,CYP2B6
CYP2B6*27,rs36079186,C,CYP2B6
CYP2B6*28,rs34698757 e rs34097093,G|T,CYP2B6
CYP2B6*31,rs193922917,A,CYP2B6
CYP2B6*32,rs193922918,A,CYP2B6
CYP2B6*33,rs3211371,A,CYP2B6
CYP2B6*34,rs34223104 e rs3745274 e rs2279343 e rs3211371,C|T|G|A,CYP2B6
CYP2B6*35,rs34223104 e rs186335453 e rs139801276 e rs145884402 e rs36079186 e rs139029625,C|T|C|T|C|C,CYP2B6
CYP2B6*36,rs34223104 e rs3745274 e rs2279343,C|T|G,CYP2B6
CYP2B6*37,rs3745274 e rs373489637 e rs2279343,T|G|G,CYP2B6
CYP2B6*38,rs281864907 e rs3745274 e rs2279343,A|T|G,CYP2B6
CYP2B6*39,rs535039125 e rs3745274 e rs2279343,T|T|G,CYP2B6
CYP2B6*40,rs3745274 e rs2279343 e rs200458614,T|G|A,CYP2B6
CYP2B6*41,rs3745274 e rs2279343 e rs201500445,T|G|C,CYP2B6
CYP2B6*42,rs3745274 e rs2279343 e rs374099483,T|G|A,CYP2B6
CYP2B6*43,rs3745274 e rs2279343 e rs117872433,T|G|A,CYP2B6
CYP2B6*44,rs148009906,A,CYP2B6
CYP2B6*45,rs58871670,A,CYP2B6
CYP2B6*47,rs754621576 e rs780991919,C|G,CYP2B6
CYP2B6*48,rs200238771,A,CYP2B6
CYP2B6*49,rs764288403,A,CYP2B6
UGT1A1*1,rs887829 e rs3064744 e rs4148323 e rs35350960,C|TA(7)|G|C,UGT1A1
UGT1A1*6,rs4148323,A,UGT1A1
UGT1A1*27,rs35350960,A,UGT1A1
UGT1A1*28,rs3064744,TA(8),UGT1A1
UGT1A1*36,rs3064744,TA(6),UGT1A1
UGT1A1*37,rs3064744,TA(9),UGT1A1
UGT1A1*80,rs887829,T,UGT1A1
UGT1A1*80+*28,rs887829 e rs3064744,T|TA(8),UGT1A1
UGT1A1*80+*37,rs887829 e rs3064744,T|TA(9),UGT1A1
DPYDReference,rs114096998 e rs148799944 e rs140114515 e rs1801268 e rs139459586 e rs202144771 e rs72547601 e rs72547602 e rs145529148 e rs141044036 e rs67376798 e rs1801267 e rs147545709 e rs55674432 e rs201035051 e rs60139309 e rs200687447 e rs199634007 e rs56005131 e rs112766203 e rs60511679 e rs1801160 e rs146529561 e rs145548112 e rs137999090 e rs138545885 e rs55971861 e rs3918290 e rs3918289 e rs72549303 e rs17376848 e rs147601618 e rs145773863 e rs138616379 e rs59086055 e rs201615754 e rs55886062 e rs1801159 e rs142619737 e rs1801158 e rs190951787 e rs148994843 e rs138391898 e rs111858276 e rs72549304 e rs199549923 e rs57918000 e rs144395748 e rs72975710 e rs186169810 e rs142512579 e rs764666241 e rs200064537 e rs56038477 e rs61622928 e rs143815742 e rs140602333 e rs78060119 e rs75017182 e rs72549305 e rs143154602 e rs183385770 e rs72549306 e rs201018345 e rs145112791 e rs150437414 e rs146356975 e rs45589337 e rs1801266 e rs72549307 e rs72549308 e rs115232898 e rs6670886 e rs139834141 e rs2297595 e rs200562975 e rs141462178 e rs150385342 e rs72549309 e rs1801265 e rs80081766 e rs72549310 e rs150036960,G|C|C|C|A|G|T|T|T|T|T|C|G|C|T|T|C|G|G|G|A|C|G|C|C|C|T|C|G|G|A|A|C|C|G|C|A|T|C|C|G|C|C|T|G|G|G|G|G|A|C|C|A|C|C|C|G|C|G|T|G|C|C|C|G|A|T|T|G|T|T|T|C|C|T|T|T|C|ATGA(2)|A|C|G|G,DPYD
DPYDc.46C>G,rs150036960,C,DPYD
DPYDc.61C>T,rs72549310,A,DPYD
DPYDc.62G>A,rs80081766,T,DPYD
DPYDc.85T>C (*9A),rs1801265,G,DPYD
DPYDc.295_298delTCAT (*7),rs72549309,ATGA(1),DPYD
DPYDc.313G>A,rs150385342,T,DPYD
DPYDc.343A>G,rs141462178,C,DPYD
DPYDc.451A>G,rs200562975,C,DPYD
DPYDc.496A>G,rs2297595,C,DPYD
DPYDc.498G>A,rs139834141,T,DPYD
DPYDc.525G>A,rs6670886,T,DPYD
DPYDc.557A>G,rs115232898,C,DPYD
DPYDc.601A>C,rs72549308,G,DPYD
DPYDc.632A>G,rs72549307,C,DPYD
DPYDc.703C>T (*8),rs1801266,A,DPYD
DPYDc.775A>G,rs45589337,C,DPYD
DPYDc.868A>G,rs146356975,C,DPYD
DPYDc.929T>C,rs150437414,G,DPYD
DPYDc.934C>T,rs145112791,A,DPYD
DPYDc.967G>A,rs201018345,T,DPYD
DPYDc.1003G>T (*11),rs72549306,A,DPYD
DPYDc.1024G>A,rs183385770,T,DPYD
DPYDc.1057C>T,rs143154602,A,DPYD
DPYDc.1108A>G,rs72549305,C,DPYD
DPYDc.1129-5923C>G,rs75017182,C,DPYD
"DPYDc.1129-5923C>G, c.1236G>A (HapB3)",rs56038477 e rs75017182,T|C,DPYD
DPYDc.1156G>T (*12),rs78060119,A,DPYD
DPYDc.1180C>T,rs140602333,A,DPYD
DPYDc.1181G>T,rs143815742,A,DPYD
DPYDc.1218G>A,rs61622928,T,DPYD
DPYDc.1260T>A,rs200064537,T,DPYD
DPYDc.1278G>T,rs764666241,A,DPYD
DPYDc.1294G>A,rs142512579,T,DPYD
DPYDc.1314T>G,rs186169810,C,DPYD
DPYDc.1349C>T,rs72975710,A,DPYD
DPYDc.1358C>G,rs144395748,C,DPYD
DPYDc.1371C>T,rs57918000,A,DPYD
DPYDc.1403C>A,rs199549923,T,DPYD
DPYDc.1475C>T,rs72549304,A,DPYD
DPYDc.1484A>G,rs111858276,C,DPYD
DPYDc.1519G>A,rs138391898,T,DPYD
DPYDc.1543G>A,rs148994843,T,DPYD
DPYDc.1577C>G,rs190951787,C,DPYD
DPYDc.1601G>A (*4),rs1801158,T,DPYD
DPYDc.1615G>A,rs142619737,T,DPYD
DPYDc.1627A>G (*5),rs1801159,C,DPYD
DPYDc.1679T>G (*13),rs55886062,C,DPYD
DPYDc.1682G>T,rs201615754,A,DPYD
DPYDc.1774C>T,rs59086055,A,DPYD
DPYDc.1775G>A,rs138616379,T,DPYD
DPYDc.1777G>A,rs145773863,T,DPYD
DPYDc.1796T>C,rs147601618,G,DPYD
DPYDc.1896T>C,rs17376848,G,DPYD
DPYDc.1898delC (*3),rs72549303,delG,DPYD
DPYDc.1905+1G>A (*2A),rs3918290,T,DPYD
DPYDc.1905C>G,rs3918289,C,DPYD
DPYDc.1906A>C,rs55971861,G,DPYD
DPYDc.1990G>T,rs138545885,A,DPYD
DPYDc.2021G>A,rs137999090,T,DPYD
DPYDc.2161G>A,rs145548112,T,DPYD
DPYDc.2186C>T,rs146529561,A,DPYD
DPYDc.2194G>A (*6),rs1801160,T,DPYD
DPYDc.2195T>G,rs60511679,C,DPYD
DPYDc.2279C>T,rs112766203,A,DPYD
DPYDc.2303C>A,rs56005131,T,DPYD
DPYDc.2336C>A,rs199634007,T,DPYD
DPYDc.2482G>A,rs200687447,T,DPYD
DPYDc.2582A>G,rs60139309,C,DPYD
DPYDc.2623A>C,rs201035051,G,DPYD
DPYDc.2639G>T,rs55674432,A,DPYD
DPYDc.2656C>T,rs147545709,A,DPYD
DPYDc.2657G>A (*9B),rs1801267,T,DPYD
DPYDc.2846A>T,rs67376798,A,DPYD
DPYDc.2872A>G,rs141044036,C,DPYD
DPYDc.2915A>G,rs145529148,C,DPYD
DPYDc.2921A>T,rs72547602,A,DPYD
DPYDc.2933A>G,rs72547601,C,DPYD
DPYDc.2977C>T,rs202144771,A,DPYD
DPYDc.2978T>G,rs139459586,C,DPYD
DPYDc.2983G>T (*10),rs1801268,A,DPYD
DPYDc.3049G>A,rs140114515,T,DPYD
DPYDc.3061G>C,rs148799944,G,DPYD
DPYDc.3067C>A,rs114096998,T,DPYD
CYP2D6*1,rs1440526469 e rs568495591 e rs1135840 e rs28371736 e rs747998333 e rs75467367 e rs74478221 e rs766507177 e rs28371735 e rs141756339 e rs1135836 e rs765776661 e rs1135835 e rs1135833 e rs1135832 e rs760940331 e rs369177208 e rs751092905 e rs532668079 e rs730882251 e rs267608319 e rs569439709 e rs3021084 e rs763964554 e rs28371733 e rs747089665 e rs769157652 e rs1931013246 e rs1602566413 e rs757396767 e rs77312092 e rs75386357 e rs61745683 e rs1555888910 e rs1058172 e rs72549346 e rs202102799 e rs61736517 e rs76088846 e rs72549347 e rs267608295 e rs141824015 e rs59421388 e rs748712690 e rs78209835 e rs72549348 e rs141009491 e rs28371725 e rs72549349 e rs730882170 e rs79292917 e rs5030867 e rs1406719554 e rs949717872 e rs16947 e rs267608279 e rs1135829 e rs5030656 e rs1135828 e rs77913725 e rs72549351 e rs368858603 e rs367543000 e rs148769737 e rs72549352 e rs267608297 e rs35742686 e rs72549353 e rs28371717 e rs17002853 e rs777691989 e rs373813287 e rs140900383 e rs377725912 e rs567606867 e rs199535154 e rs150163869 e rs72549354 e rs763609904 e rs745365204 e rs755518310 e rs1459127426 e rs556882139 e rs72549356 e rs3892097 e rs5030865 e rs1135826 e rs1135825 e rs1135824 e rs201006451 e rs267608302 e rs28371710 e rs5030655 e rs78482768 e rs569229126 e rs375135093 e rs1058164 e rs61736512 e rs781457579 e rs1180015037 e rs376636053 e rs766391487 e rs1135823 e rs1135822 e rs374616348 e rs563185985 e rs535642512 e rs78459009 e rs28371706 e rs74802369 e rs76187628 e rs267608308 e rs76802407 e rs28371704 e rs28371703 e rs267608309 e rs267608276 e rs267608310 e rs1456026511 e rs201377835 e rs536109057 e rs774671100 e rs118203758 e rs5030862 e rs373243894 e rs1065852 e rs138100349 e rs28371696 e rs267608313 e rs769258 e rs72549358 e rs773790593,C|G|C|G|A|G|C|T|G|C|A|AGTGGGCAC|T|G|C|C|C|C|C|G|C|C|G|G|C|G|C|T|C|AG|C|C|C|A|C|AC|T|T|C|G|G|T|C|T|C|T|C|C|C|CACATCCGGATGTAGGATC|C|T|A|T|G|G|T|TCT|A|C|TCAG(2)|A|G|G|G|G|T|TTAG|C|A|GGA(2)|G|G|C|C|A|R|C|C|C|C|T|C|AAAGGGGCG|C|C|A|G|T|G|T|C|A|G|T|A|S|C|G|C|A|A|C|A|C|C|C|T|G|T|A|C|G|T|G|G|C|G|A|C|G|A|C|C|G|G|G|C|G|C|C|G,CYP2D6
SULT1A1*2,rs9282861,A,SULT1A1
ABCG2rs2231142 reference (G),rs2231142,G,ABCG2
ABCG2rs2231142 variant (T),rs2231142,T,ABCG2
